<?xml version = '1.0' encoding = 'UTF-8'?>
<Entity class="oracle.dbtools.crest.model.design.logical.Entity" directorySegmentName="seg_0" id="A1B843C4-6515-6955-2513-A1FA92A4D36D" name="T_VB_PRODUTO">
<createdBy>André</createdBy>
<createdTime>2020-04-16 01:36:13 UTC</createdTime>
<ownerDesignName>vendebem</ownerDesignName>
<engineerTo>
<item key="3B900023-A8F4-1D43-7275-0ABB8837388D" value="true"/>
</engineerTo>
<adequatelyNormalized>NO</adequatelyNormalized>
<expectedVolumes>0</expectedVolumes>
<fwdEngineeringStrategyName>Single Table</fwdEngineeringStrategyName>
<growthPercent>0</growthPercent>
<growthType>Year</growthType>
<maxVolumes>9999999</maxVolumes>
<minVolumes>0</minVolumes>
<normalForm>Third</normalForm>
<attributes itemClass="oracle.dbtools.crest.model.design.logical.Attribute">
<Attribute name="id_produto" id="B0C34CA1-2CE1-296D-664D-88A9B0BB618D">
<createdBy>André</createdBy>
<createdTime>2020-04-16 01:36:21 UTC</createdTime>
<comment><![CDATA[Esse atributo irá receber a chave primária do produto. Esse número é sequencial e gerado automaticamente pelo sistema. Seu conteúdo é obrigatório.]]></comment>
<commentInRDBMS><![CDATA[Esse atributo irá receber a chave primária do produto. Esse número é sequencial e gerado automaticamente pelo sistema. Seu conteúdo é obrigatório.]]></commentInRDBMS>
<notes><![CDATA[Esse atributo irá receber a chave primária do produto. Esse número é sequencial e gerado automaticamente pelo sistema. Seu conteúdo é obrigatório.]]></notes>
<ownerDesignName>vendebem</ownerDesignName>
<engineerTo>
<item key="3B900023-A8F4-1D43-7275-0ABB8837388D" value="true"/>
</engineerTo>
<useDomainConstraints>false</useDomainConstraints>
<use>1</use>
<logicalDatatype>LOGDT019</logicalDatatype>
<dataTypePrecision>10</dataTypePrecision>
<ownDataTypeParameters>,10,</ownDataTypeParameters>
</Attribute>
<Attribute name="nm_produto" id="3C5C54EF-6165-BB83-1386-EA334D5D57CF">
<createdBy>André</createdBy>
<createdTime>2020-04-16 01:37:04 UTC</createdTime>
<comment><![CDATA[Esse atributo irá receber o nome do produto. Seu conteúdo é obrigatório.]]></comment>
<commentInRDBMS><![CDATA[Esse atributo irá receber o nome do produto. Seu conteúdo é obrigatório.]]></commentInRDBMS>
<notes><![CDATA[Esse atributo irá receber o nome do produto. Seu conteúdo é obrigatório.]]></notes>
<ownerDesignName>vendebem</ownerDesignName>
<engineerTo>
<item key="3B900023-A8F4-1D43-7275-0ABB8837388D" value="true"/>
</engineerTo>
<useDomainConstraints>false</useDomainConstraints>
<use>1</use>
<logicalDatatype>LOGDT024</logicalDatatype>
<dataTypeSize>150</dataTypeSize>
<ownDataTypeParameters>150,,</ownDataTypeParameters>
</Attribute>
<Attribute name="qt_consumida" id="64CA5150-AB33-48C4-02DF-1AC026A166A5">
<createdBy>willi</createdBy>
<createdTime>2023-02-25 21:07:50 UTC</createdTime>
<comment><![CDATA[Esse atributo irá receber a quantidade pedida do produto. Seu conteúdo é opcional.]]></comment>
<commentInRDBMS><![CDATA[Esse atributo irá receber a quantidade pedida do produto. Seu conteúdo é opcional.]]></commentInRDBMS>
<notes><![CDATA[Esse atributo irá receber a quantidade pedida do produto. Seu conteúdo é opcional.]]></notes>
<ownerDesignName>vendebem</ownerDesignName>
<engineerTo>
<item key="3B900023-A8F4-1D43-7275-0ABB8837388D" value="true"/>
</engineerTo>
<nullsAllowed>true</nullsAllowed>
<useDomainConstraints>false</useDomainConstraints>
<use>1</use>
<logicalDatatype>LOGDT019</logicalDatatype>
<dataTypePrecision>8</dataTypePrecision>
<ownDataTypeParameters>,8,</ownDataTypeParameters>
</Attribute>
<Attribute name="ds_tipo" id="F4EF0595-9C3D-6CA9-520D-0840725D4681">
<createdBy>willi</createdBy>
<createdTime>2023-02-22 03:31:58 UTC</createdTime>
<comment><![CDATA[Esse atributo irá receber a descrição do produto, que devera ser unidade ou porcao. Seu conteúdo é obrigatório.]]></comment>
<commentInRDBMS><![CDATA[Esse atributo irá receber a descrição do produto, que devera ser unidade ou porcao. Seu conteúdo é obrigatório.]]></commentInRDBMS>
<notes><![CDATA[Esse atributo irá receber a descrição do produto, que devera ser unidade ou porcao. Seu conteúdo é obrigatório.]]></notes>
<ownerDesignName>vendebem</ownerDesignName>
<engineerTo>
<item key="3B900023-A8F4-1D43-7275-0ABB8837388D" value="true"/>
</engineerTo>
<useDomainConstraints>false</useDomainConstraints>
<use>1</use>
<logicalDatatype>LOGDT024</logicalDatatype>
<dataTypeSize>40</dataTypeSize>
<ownDataTypeParameters>40,,</ownDataTypeParameters>
</Attribute>
<Attribute name="vl_produto" id="F19EBD84-CF09-54AF-9FD4-FAF65611BE7B">
<createdBy>willi</createdBy>
<createdTime>2023-02-22 03:38:07 UTC</createdTime>
<comment><![CDATA[Esse atributo irá receber o preço unitario do produto. Seu conteúdo é obrigatório.]]></comment>
<commentInRDBMS><![CDATA[Esse atributo irá receber o preço unitario do produto. Seu conteúdo é obrigatório.]]></commentInRDBMS>
<notes><![CDATA[Esse atributo irá receber o preço unitario do produto. Seu conteúdo é obrigatório.]]></notes>
<ownerDesignName>vendebem</ownerDesignName>
<engineerTo>
<item key="3B900023-A8F4-1D43-7275-0ABB8837388D" value="true"/>
</engineerTo>
<useDomainConstraints>false</useDomainConstraints>
<use>1</use>
<logicalDatatype>LOGDT019</logicalDatatype>
<dataTypePrecision>8</dataTypePrecision>
<dataTypeScale>2</dataTypeScale>
<ownDataTypeParameters>,8,2</ownDataTypeParameters>
</Attribute>
<Attribute name="vl_venda" id="FE27FEA3-DDC7-DDB7-C396-C89EC2DF0653">
<createdBy>willi</createdBy>
<createdTime>2023-02-25 21:08:47 UTC</createdTime>
<comment><![CDATA[Esse atributo irá receber o valor da venda do produto. Seu conteúdo é opcional.]]></comment>
<commentInRDBMS><![CDATA[Esse atributo irá receber o valor da venda do produto. Seu conteúdo é opcional.]]></commentInRDBMS>
<notes><![CDATA[Esse atributo irá receber o valor da venda do produto. Seu conteúdo é opcional.]]></notes>
<ownerDesignName>vendebem</ownerDesignName>
<engineerTo>
<item key="3B900023-A8F4-1D43-7275-0ABB8837388D" value="true"/>
</engineerTo>
<nullsAllowed>true</nullsAllowed>
<useDomainConstraints>false</useDomainConstraints>
<use>1</use>
<logicalDatatype>LOGDT019</logicalDatatype>
<dataTypePrecision>8</dataTypePrecision>
<dataTypeScale>2</dataTypeScale>
<ownDataTypeParameters>,8,2</ownDataTypeParameters>
</Attribute>
<Attribute name="vl_desconto" id="C6DE1459-07EB-6A5B-9AEF-FC31CC5C7FAF">
<createdBy>willi</createdBy>
<createdTime>2023-02-25 21:10:44 UTC</createdTime>
<comment><![CDATA[Esse atributo irá receber o desconto caso existir. Seu conteúdo é opcional.]]></comment>
<commentInRDBMS><![CDATA[Esse atributo irá receber o desconto caso existir. Seu conteúdo é opcional.]]></commentInRDBMS>
<notes><![CDATA[Esse atributo irá receber o desconto caso existir. Seu conteúdo é opcional.]]></notes>
<ownerDesignName>vendebem</ownerDesignName>
<engineerTo>
<item key="3B900023-A8F4-1D43-7275-0ABB8837388D" value="true"/>
</engineerTo>
<nullsAllowed>true</nullsAllowed>
<useDomainConstraints>false</useDomainConstraints>
<use>1</use>
<logicalDatatype>LOGDT019</logicalDatatype>
<dataTypePrecision>8</dataTypePrecision>
<dataTypeScale>2</dataTypeScale>
<ownDataTypeParameters>,8,2</ownDataTypeParameters>
</Attribute>
<Attribute name="vl_total" id="DBC0BA65-16EB-FD61-886E-F0F963E0200E">
<createdBy>willi</createdBy>
<createdTime>2023-02-25 21:11:39 UTC</createdTime>
<notes><![CDATA[Esse atributo irá receber o valor total da conta. Seu conteúdo é opcional.]]></notes>
<ownerDesignName>vendebem</ownerDesignName>
<engineerTo>
<item key="3B900023-A8F4-1D43-7275-0ABB8837388D" value="true"/>
</engineerTo>
<nullsAllowed>true</nullsAllowed>
<useDomainConstraints>false</useDomainConstraints>
<use>1</use>
<logicalDatatype>LOGDT019</logicalDatatype>
<dataTypePrecision>8</dataTypePrecision>
<dataTypeScale>2</dataTypeScale>
<ownDataTypeParameters>,8,2</ownDataTypeParameters>
</Attribute>
</attributes>
<identifiers itemClass="oracle.dbtools.crest.model.design.logical.CandidateKey">
<identifier id="4BF33063-3420-A5ED-1B2B-E1BC1C96806B" name="PK_VB_PRODUTO">
<createdBy>André</createdBy>
<createdTime>2020-04-16 01:36:33 UTC</createdTime>
<ownerDesignName>vendebem</ownerDesignName>
<engineerTo>
<item key="3B900023-A8F4-1D43-7275-0ABB8837388D" value="true"/>
</engineerTo>
<pk>true</pk>
<newElementsIDs>B0C34CA1-2CE1-296D-664D-88A9B0BB618D</newElementsIDs>
<usedAttributes>
<attributeRef>B0C34CA1-2CE1-296D-664D-88A9B0BB618D</attributeRef>
</usedAttributes>
</identifier>
</identifiers>
</Entity>