<?xml version = '1.0' encoding = 'UTF-8'?>
<relationalModel class="oracle.dbtools.crest.model.design.relational.RelationalDesign" name="Relational_1" id="3B900023-A8F4-1D43-7275-0ABB8837388D" mainViewID="7E7E633A-A92D-54AD-CBC6-1125E4C23597">
<createdBy>André</createdBy>
<createdTime>2020-04-16 01:00:17 UTC</createdTime>
<ownerDesignName>Entraga Trabalho15-04</ownerDesignName>
<shouldBeOpen>true</shouldBeOpen>
<selectedRDBMSSite>32076570-2523-435C-2E92-BF29817DFF70</selectedRDBMSSite>
</relationalModel>